{ "frames": {
   "AsphaltTiles.aseprite": {
    "frame": { "x": 0, "y": 0, "w": 224, "h": 160 },
    "rotated": false,
    "trimmed": true,
    "spriteSourceSize": { "x": 0, "y": 0, "w": 224, "h": 160 },
    "sourceSize": { "w": 512, "h": 256 },
    "duration": 100
   }
 },
 "meta": {
  "app": "https://www.aseprite.org/",
  "version": "1.3-beta21-x64",
  "image": "AsphaltTiles.png",
  "format": "RGBA8888",
  "size": { "w": 224, "h": 160 },
  "scale": "1",
  "frameTags": [
  ],
  "layers": [
   { "name": "Roads", "opacity": 255, "blendMode": "normal" }
  ],
  "slices": [
  ]
 }
}
